Manas#7098,388607490415132672,
DV#1111,402407787776180224,new,
Cannibal#1111,486097911395123202,Admin,
Statbot#3472,491769129318088714,Statbot,
Reaction Roles#8423,550613223733329920,Reaction Roles,
ðŸ‘‘ sosa#9449,572037319448854528,Admin,
ModMail#5460,575252669443211264,ModMail,
Helper.gg#8628,641385620530266125,Bot,Helper.gg,ticket-support,
MasterChief#0042,658706893761675308,new,
pichitrist#8561,690827816517763104,test role,
blade#8113,744467544852922450,
bipThis#5006,856212411908751411,bipThis,
romi#0007,883437193123758080,Admin,
sindbad#1595,884508569804881961,
Satyadev Pius#4724,884535066015977503,
KaZo#3150,884752030747463700,new,
Zomad Avatar#2633,899326767305736222,\z/,
zo-marketing#1684,905118889690689576,zo-marketing,
